Day, Xid, Qty
7900, 0x00, 0.10000000
7899, 0x01, 0.00010000
